,"ID","Stand","AD","TreeNum","TreeID","Spp","dbh","height","x","y","in_transect"
"1","06A01","06","A",1,19,"POTR","133","NA","NA","NA",0
"2","06A02","06","A",2,20,"POTR","148","NA","NA","NA",0
"3","06A03","06","A",3,21,"POTR","144","NA","NA","NA",0
"4","06A04","06","A",4,22,"POTR","202","NA","NA","NA",0
"5","06A05","06","A",5,23,"POTR","188","NA","NA","NA",0
"6","06A06","06","A",6,24,"POTR","173","NA","NA","NA",0
"7","06A07","06","A",7,25,"POTR","195","NA","NA","NA",0
"8","06A08","06","A",8,26,"POTR","141","NA","NA","NA",0
"9","06L01","06","L",1,1,"PIMA","23.0","2.45","3.0","-7.0",1
"10","06L02","06","L",2,2,"PIMA","60.0","6.7","35.0","3.0",1
"11","06L03","06","L",3,3,"PIMA","55.0","4.9","68.0","1.0",1
"12","06L04","06","L",4,4,"PIMA","39.0","3.95","68.0","-8.0",1
"13","06L05","06","L",5,5,"PIMA","40.0","3.55","75.0","-1.0",1
"14","06L06","06","L",6,6,"PIMA","2.0","1.33","94.0","4.0",1
"15","06L07","06","L",7,7,"PIMA","7.0","1.69","120.0","10.0",1
"16","06L08","06","L",8,8,"PIMA","82.0","7.39","129.0","3.0",1
"17","06L09","06","L",9,9,"PIMA","25.0","2.65","143.0","-4.0",1
"18","06L10","06","L",10,10,"PIMA","18.0","2.14","147.0","-2.0",1
"19","06L11","06","L",11,11,"PIMA","26.0","3.1","150.0","6.0",1
"20","06L12","06","L",12,12,"PIMA","108.0","8.20782807738274","NA","NA",0
"21","06L13","06","L",13,13,"PIMA","123.0","14.1507264910899","NA","NA",0
"22","06L14","06","L",14,14,"PIMA","88.0","7.60608985988362","NA","NA",0
"23","06L15","06","L",15,15,"PIMA","NA","6.00088845534511","NA","NA",0
"24","06L16","06","L",16,16,"PIMA","175.0","13.7080316325319","NA","NA",0
"25","06L17","06","L",17,17,"PIMA","151.0","9.70655511109357","NA","NA",0
"26","06L18","06","L",18,18,"PIMA","120.0","9.85231494982632","NA","NA",0
"27","07A01","07","A",1,41,"POTR","144","NA","NA","NA",0
"28","07A02","07","A",2,42,"POTR","156","NA","NA","NA",0
"29","07A03","07","A",3,43,"POTR","158","NA","NA","NA",0
"30","07A04","07","A",4,44,"POTR","157","NA","NA","NA",0
"31","07A05","07","A",5,45,"POTR","159","NA","NA","NA",0
"32","07A06","07","A",6,46,"POTR","191","NA","NA","NA",0
"33","07A07","07","A",7,47,"POTR","169","NA","NA","NA",0
"34","07A08","07","A",8,48,"POTR","177","NA","NA","NA",0
"35","07L01","07","L",1,27,"PIMA","38.0","3.86","132.0","13.0",1
"36","07L02","07","L",2,28,"PIMA","14.0","1.81","144.0","7.0",1
"37","07L03","07","L",3,29,"PIMA","21.0","2.12","270.0","2.0",1
"38","07L04","07","L",4,30,"PIMA","53.0","4.22","60.0","11.0",1
"39","07L05","07","L",5,31,"PIMA","51.0","4.19","55.0","-1.0",1
"40","07L06","07","L",6,32,"PIMA","48.0","3.88","104.0","-13.0",1
"41","07L07","07","L",7,33,"PIMA","189.0","15.8477365490767","NA","NA",0
"42","07L08","07","L",8,34,"PIMA","192.0","19.3091692414452","NA","NA",0
"43","07L09","07","L",9,35,"PIMA","170.0","12.4733888502713","NA","NA",0
"44","07L10","07","L",10,36,"PIMA","133.0","13.8888450183689","NA","NA",0
"45","07L11","07","L",11,37,"PIMA","127.0","13.0759402076446","NA","NA",0
"46","07L12","07","L",12,38,"PIMA","154.0","12.4067693979771","NA","NA",0
"47","07L13","07","L",13,39,"PIMA","183.0","11.7973646179646","NA","NA",0
"48","07L14","07","L",14,40,"PIMA","217.0","16.4860896946504","NA","NA",0
"49","08L01","08","L",1,997,"PIMA","53.0","4.61","46.0","6.0",1
"50","08L02","08","L",2,998,"PIMA","95.0","10.13","77.0","3.0",1
"51","08L03","08","L",3,999,"PIMA","72.0","6.55","97.0","10.0",1
"52","08L04","08","L",4,1000,"PIMA","163.0","13.0","121.0","-1.0",1
"53","08L05","08","L",5,1001,"PIMA","165.0","14.6","150.0","7.0",1
"54","08L06","08","L",6,1002,"PIMA","51.0","4.95","180.0","6.0",1
"55","08L07","08","L",7,1003,"PIMA","39.0","2.84","190.0","1.0",1
"56","08L08","08","L",8,1004,"PIMA","137.0","12.1616741119527","NA","NA",0
"57","08L09","08","L",9,1005,"PIMA","158.0","12.2176382185751","NA","NA",0
"58","08L10","08","L",10,1006,"PIMA","163.0","12.6363199813966","NA","NA",0
"59","08L11","08","L",11,1007,"PIMA","158.0","11.1642191352967","NA","NA",0
"60","08L12","08","L",12,1008,"PIMA","150.0","9.3034308854259","NA","NA",0
"61","08L13","08","L",13,1009,"PIMA","199.0","16.0195419061242","NA","NA",0
"62","09A01","09","A",1,63,"POTR","217","NA","NA","NA",0
"63","09A02","09","A",2,64,"POTR","241","NA","NA","NA",0
"64","09A03","09","A",3,65,"POTR","212","NA","NA","NA",0
"65","09A04","09","A",4,66,"POTR","238","NA","NA","NA",0
"66","09A05","09","A",5,67,"POTR","244","NA","NA","NA",0
"67","09A06","09","A",6,68,"POTR","225","NA","NA","NA",0
"68","09A07","09","A",7,69,"POTR","156","NA","NA","NA",0
"69","09A08","09","A",8,70,"POTR","200","NA","NA","NA",0
"70","09L01","09","L",1,49,"PIMA","21.0","2.27","12.0","5.0",1
"71","09L02","09","L",2,50,"PIMA","73.0","5.96","24.0","4.0",1
"72","09L03","09","L",3,51,"PIMA","138.0","12.0","25.0","6.0",1
"73","09L04","09","L",4,52,"PIMA","91.0","8.82","30.0","1.0",1
"74","09L05","09","L",5,53,"PIMA","156.0","10.0","35.0","3.0",1
"75","09L06","09","L",6,54,"PIMA","54.0","5.78","49.0","5.0",1
"76","09L07","09","L",7,55,"PIMA","67.0","6.32","50.0","0.0",1
"77","09L08","09","L",8,56,"PIMA","147.0","12.6009679080433","NA","NA",0
"78","09L09","09","L",9,57,"PIMA","139.0","13.7701669320296","NA","NA",0
"79","09L10","09","L",10,58,"PIMA","140.0","11.1595842248032","NA","NA",0
"80","09L11","09","L",11,59,"PIMA","173.0","15.6504756820306","NA","NA",0
"81","09L12","09","L",12,60,"PIMA","175.0","14.1036109621278","NA","NA",0
"82","09L13","09","L",13,61,"PIMA","203.0","13.6863893710201","NA","NA",0
"83","09L14","09","L",14,62,"PIMA","194.0","15.0080155881682","NA","NA",0
"84","0AL01","0A","L",1,1010,"PIMA","191.0","12.34","60.0","-4.0",1
"85","0AL02","0A","L",2,1011,"PIMA","93.0","8.54","122.0","12.0",1
"86","0AL03","0A","L",3,1012,"PIMA","42.0","4.05","158.0","1.0",1
"87","0AL04","0A","L",4,1013,"PIMA","130.0","13.06","237.0","3.0",1
"88","0AL05","0A","L",5,1014,"PIMA","61.0","5.12","247.0","10.0",1
"89","0AL08","0A","L",8,1015,"PIMA","176.0","15.7158415913775","NA","NA",0
"90","0AL09","0A","L",9,1016,"PIMA","179.0","13.8671502969451","NA","NA",0
"91","0AL10","0A","L",10,1017,"PIMA","246.0","21.4887695759909","NA","NA",0
"92","0AL11","0A","L",11,1018,"PIMA","186.0","14.7630444427094","NA","NA",0
"93","0AL12","0A","L",12,1019,"PIMA","199.0","18.9989671781473","NA","NA",0
"94","0AL13","0A","L",13,1020,"PIMA","127.0","12.0741737574793","NA","NA",0
"95","0BL01","0B","L",1,1021,"PIMA","185.0","14.74","23.0","2.0",1
"96","0BL02","0B","L",2,1022,"PIMA","124.0","10.56","53.0","6.0",1
"97","0BL03","0B","L",3,1023,"PIMA","73.0","8.67","77.0","5.0",1
"98","0BL04","0B","L",4,1024,"PIMA","122.0","12.21","93.0","-3.0",1
"99","0BL05","0B","L",5,1025,"PIMA","64.0","6.82","98.0","-1.0",1
"100","0BL06","0B","L",6,1026,"PIMA","153.0","16.6","118.0","7.0",1
"101","0BL07","0B","L",7,1027,"PIMA","97.0","9.11","121.0","-5.0",1
"102","0BL08","0B","L",8,1028,"PIMA","211.0","23.028913608341","NA","NA",0
"103","0BL09","0B","L",9,1029,"PIMA","187.0","12.0309364252805","NA","NA",0
"104","0BL10","0B","L",10,1030,"PIMA","147.0","11.0550687958338","NA","NA",0
"105","0BL11","0B","L",11,1031,"PIMA","160.0","15.1704182347453","NA","NA",0
"106","0BL12","0B","L",12,1032,"PIMA","176.0","14.7880404807487","NA","NA",0
"107","0BL13","0B","L",13,1033,"PIMA","148.0","16.5744567361042","NA","NA",0
"108","0FL01","0F","L",1,1034,"PIMA","156.0","12.73","21.0","-2.0",1
"109","0FL02","0F","L",2,1035,"PIMA","162.0","12.32","58.0","-4.0",1
"110","0FL04","0F","L",4,1036,"PIMA","8.0","1.43","78.0","9.0",1
"111","0FL05","0F","L",5,1037,"PIMA","211.0","14.45","94.0","6.0",1
"112","0FL06","0F","L",6,1038,"PIMA","57.0","5.7","95.0","-9.0",1
"113","0FL07","0F","L",7,1039,"PIMA","159.0","17.8960860029118","NA","NA",0
"114","0FL08","0F","L",8,1040,"PIMA","174.0","13.5783354767355","NA","NA",0
"115","0FL09","0F","L",9,1041,"PIMA","263.0","23.3466738090112","NA","NA",0
"116","0FL10","0F","L",10,1042,"PIMA","195.0","14.7978441952813","NA","NA",0
"117","0FL11","0F","L",11,1043,"PIMA","243.0","14.8866748505573","NA","NA",0
"118","0FL12","0F","L",12,1044,"PIMA","137.0","14.1608365856369","NA","NA",0
"119","0GL01","0G","L",1,1045,"PIMA","79.0","6.31","1.0","4.0",1
"120","0GL02","0G","L",2,1046,"PIMA","124.0","11.36","14.0","5.0",1
"121","0GL03","0G","L",3,1047,"PIMA","188.0","14.26","22.0","2.0",1
"122","0GL04","0G","L",4,1048,"PIMA","201.0","15.75","27.0","0.0",1
"123","0GL05","0G","L",5,1049,"PIMA","150.0","14.81","29.0","-1.0",1
"124","0GL06","0G","L",6,1050,"PIMA","26.0","2.74","45.0","-3.0",1
"125","0GL07","0G","L",7,1051,"PIMA","249.0","18.3150875972397","NA","NA",0
"126","0GL08","0G","L",8,1052,"PIMA","235.0","18.6055657919239","NA","NA",0
"127","0GL09","0G","L",9,1053,"PIMA","217.0","18.3558199782966","NA","NA",0
"128","0GL10","0G","L",10,1054,"PIMA","250.0","13.0615699151635","NA","NA",0
"129","0GL11","0G","L",11,1055,"PIMA","174.0","19.8508154542131","NA","NA",0
"130","0GL12","0G","L",12,1056,"PIMA","185.0","16.017233424337","NA","NA",0
"131","0HL01","0H","L",1,1057,"PIMA","34.0","3.29","4.0","8.0",1
"132","0HL02","0H","L",2,1058,"PIMA","53.0","4.22","16.0","4.0",1
"133","0HL03","0H","L",3,1059,"PIMA","173.0","11.61","23.0","8.0",1
"134","0HL04","0H","L",4,1060,"PIMA","74.0","6.5","26.0","3.0",1
"135","0HL05","0H","L",5,1061,"PIMA","79.0","7.06","43.0","1.0",1
"136","0HL06","0H","L",6,1062,"PIMA","163.0","14.8976279099828","NA","NA",0
"137","0HL07","0H","L",7,1063,"PIMA","208.0","17.2641575133399","NA","NA",0
"138","0HL08","0H","L",8,1064,"PIMA","163.0","15.6563060536239","NA","NA",0
"139","0HL09","0H","L",9,1065,"PIMA","129.0","14.0797183937224","NA","NA",0
"140","0HL10","0H","L",10,1066,"PIMA","153.0","14.4969398748873","NA","NA",0
"141","0HL11","0H","L",11,1067,"PIMA","149.0","14.130946736171","NA","NA",0
"142","0HL12","0H","L",12,1068,"PIMA","136.0","10.6132072283282","NA","NA",0
"143","0QA01","0Q","A",1,116,"POTR","215","NA","NA","NA",1
"144","0QA02","0Q","A",2,117,"POTR","281","NA","NA","NA",1
"145","0QA03","0Q","A",3,118,"POTR","232","NA","NA","NA",1
"146","0QA04","0Q","A",4,119,"POTR","258","NA","NA","NA",1
"147","0QA05","0Q","A",5,120,"POTR","253","NA","NA","NA",1
"148","0QA06","0Q","A",6,121,"POTR","278","NA","NA","NA",1
"149","0QA07","0Q","A",7,122,"POTR","237","NA","NA","NA",1
"150","0QA08","0Q","A",8,123,"POTR","248","NA","NA","NA",1
"151","0QA09","0Q","A",9,124,"POTR","224","NA","NA","NA",1
"152","0QA10","0Q","A",10,125,"POTR","259","NA","NA","NA",1
"153","0QA11","0Q","A",11,126,"POTR","132","NA","NA","NA",0
"154","0QA12","0Q","A",12,127,"POTR","192","NA","NA","NA",0
"155","0QA13","0Q","A",13,128,"POTR","163","NA","NA","NA",0
"156","0QA14","0Q","A",14,129,"POTR","154","NA","NA","NA",0
"157","0QA15","0Q","A",15,130,"POTR","151","NA","NA","NA",0
"158","0QA16","0Q","A",16,131,"POTR","243","NA","NA","NA",0
"159","0QA17","0Q","A",17,132,"POTR","236","NA","NA","NA",0
"160","0QA18","0Q","A",18,133,"POTR","239","NA","NA","NA",0
"161","0QL01","0Q","L",1,101,"PIMA","289.0","14.2541602781854","5.0","-3.0",1
"162","0QL02","0Q","L",2,102,"PIMA","364.0","12.5235966639033","42+4","-2.5",1
"163","0QL03","0Q","L",3,103,"PIMA","215.0","7.5528126239304","52+1","-0.5",1
"164","0QL04","0Q","L",4,104,"PIMA","258.0","8.83507647687503","56+2","-2.0",1
"165","0QL05","0Q","L",5,105,"PIMA","316.0","13.8274459186996","58+3","-1.0",1
"166","0QL06","0Q","L",6,106,"PIMA","195.0","8.30618880818241","62+1","-5.0",1
"167","0QL07","0Q","L",7,107,"PIMA","131.0","7.39823400664836","66.0","0.0",1
"168","0QL08","0Q","L",8,108,"PIMA","253.0","9.84852791286914","105.0","-6.0",1
"169","0QL09","0Q","L",9,109,"PIMA","113.0","8.2","4.0","-1.0",1
"170","0QL10","0Q","L",10,110,"PIMA","81.0","8.16","16.0","-2.0",1
"171","0QL11","0Q","L",11,111,"PIMA","111.0","9.47","26.0","-1.0",1
"172","0QL12","0Q","L",12,112,"PIMA","52.0","4.96","40.0","-3.0",1
"173","0QL13","0Q","L",13,113,"PIMA","121.0","9.04","50.0","-8.0",1
"174","0QL15","0Q","L",15,114,"PIMA","102.0","8.11","79.0","-2.0",1
"175","0QL16","0Q","L",16,115,"PIMA","76.0","7.5","100-3","-3.0",1
"176","0RA01","0R","A",1,148,"POTR","303","NA","NA","NA",1
"177","0RA02","0R","A",2,149,"POTR","279","NA","NA","NA",1
"178","0RA03","0R","A",3,150,"POTR","301","NA","NA","NA",1
"179","0RA04","0R","A",4,151,"POTR","351","NA","NA","NA",1
"180","0RA05","0R","A",5,152,"POTR","308","NA","NA","NA",1
"181","0RA06","0R","A",6,153,"POTR","NA","NA","NA","NA",1
"182","0RA07","0R","A",7,154,"POTR","310","NA","NA","NA",1
"183","0RA08","0R","A",8,155,"POTR","344","NA","NA","NA",1
"184","0RA09","0R","A",9,156,"POTR","NA","NA","NA","NA",1
"185","0RA10","0R","A",10,157,"POTR","NA","NA","NA","NA",1
"186","0RA11","0R","A",11,158,"POTR","134","NA","NA","NA",0
"187","0RA12","0R","A",12,159,"POTR","97","NA","NA","NA",0
"188","0RA13","0R","A",13,160,"POTR","211","NA","NA","NA",0
"189","0RA14","0R","A",14,161,"POTR","168","NA","NA","NA",0
"190","0RA15","0R","A",15,162,"POTR","223","NA","NA","NA",0
"191","0RA16","0R","A",16,163,"POTR","110","NA","NA","NA",0
"192","0RA17","0R","A",17,164,"POTR","81","NA","NA","NA",0
"193","0RA18","0R","A",18,165,"POTR","152","NA","NA","NA",0
"194","0RL01","0R","L",1,134,"PIMA","111.0","13.59","3.0","3.0",1
"195","0RL02","0R","L",2,135,"PIMA","84.0","12.57","4.0","0.0",1
"196","0RL03","0R","L",3,136,"PIMA","101.0","13.8442007213269","8.0","0.0",1
"197","0RL04","0R","L",4,137,"PIMA","52.0","8.1","10.0","0.0",1
"198","0RL05","0R","L",5,138,"PIMA","66.0","9.12","13.0","2.0",1
"199","0RL06","0R","L",6,139,"PIMA","39.0","7.99","8.0","1.0",1
"200","0RL07","0R","L",7,140,"PIMA","147.0","15.8407563194641","13.0","2.0",1
"201","0RL08","0R","L",8,141,"PIMA","164.0","13.1332575150391","11.0","-1.0",1
"202","0RL09","0R","L",9,142,"PIMA","167.0","15.5943080072809","6.0","-2.0",1
"203","0RL10","0R","L",10,143,"PIMA","115.0","13.9491318140705","4.0","-5.0",1
"204","0RL11","0R","L",11,144,"PIMA","131.0","13.706829471068","0.0","1.0",1
"205","0RL12","0R","L",12,145,"PIMA","152.0","18.0264877387221","6.0","5.0",1
"206","0RL13","0R","L",13,146,"PIMA","215.0","18.9887468458113","9.0","5.0",1
"207","0RL14","0R","L",14,147,"PIMA","142.0","15.5348384508319","15.0","4.0",1
"208","0TL01","0T","L",1,1079,"PIMA","187.0","13.01","2.0","2.0",1
"209","0TL02","0T","L",2,1080,"PIMA","45.0","4.17","13.0","-3.0",1
"210","0TL04","0T","L",4,1081,"PIMA","154.0","10.4758263365295","23.0","-2.0",1
"211","0TL05","0T","L",5,1082,"PIMA","77.0","7.8","56.0","7.0",1
"212","0TL06","0T","L",6,1083,"PIMA","21.0","2.63","73.0","8.0",1
"213","0TL07","0T","L",7,1084,"PIMA","16.0","2.1","82.0","-4.0",1
"214","0TL08","0T","L",8,1085,"PIMA","231.0","15.2360481252104","72.0","9.0",1
"215","0TL09","0T","L",9,1086,"PIMA","146.0","10.4145177765521","76.0","11.0",1
"216","0TL10","0T","L",10,1087,"PIMA","163.0","12.0561082899526","73.0","-1.0",1
"217","0TL11","0T","L",11,1088,"PIMA","107.0","10.2613880549981","76.0","5.0",1
"218","0TL12","0T","L",12,1089,"PIMA","127.0","6.80018930246364","85.0","2.0",1
"219","0TL13","0T","L",13,1090,"PIMA","157.0","15.2005664916326","96.0","11.0",1
"220","0TL14","0T","L",14,1091,"PIMA","151.0","10.2369565574965","33.0","-2.0",1
"221","0TL15","0T","L",15,1092,"PIMA","200.0","14.2000808453335","12.0","8.0",1
"222","0UA06","0U","A",6,174,"POTR","108","NA","NA","NA",0
"223","0UA08","0U","A",8,175,"POTR","132","NA","NA","NA",0
"224","0UA09","0U","A",9,176,"POTR","150","NA","NA","NA",0
"225","0UA10","0U","A",10,177,"POTR","167","NA","NA","NA",0
"226","0UA11","0U","A",11,178,"POTR","139","NA","NA","NA",0
"227","0UA12","0U","A",12,179,"POTR","176","NA","NA","NA",0
"228","0UA13","0U","A",13,180,"POTR","164","NA","NA","NA",0
"229","0UA14","0U","A",14,181,"POTR","167","NA","NA","NA",0
"230","0UA15","0U","A",15,182,"POTR","168","NA","NA","NA",0
"231","0UA16","0U","A",16,183,"POTR","178","NA","NA","NA",0
"232","0UA17","0U","A",17,184,"POTR","153","NA","NA","NA",0
"233","0UA18","0U","A",18,185,"POTR","173","NA","NA","NA",0
"234","0UL07","0U","L",7,166,"PIMA","178.0","11.3962265624336","0.0","-5.0",1
"235","0UL08","0U","L",8,167,"PIMA","146.0","11.5805948333086","5.0","-2.0",1
"236","0UL09","0U","L",9,168,"PIMA","184.0","15.1085301543654","1.0","4.0",1
"237","0UL10","0U","L",10,169,"PIMA","148.0","11.1465309469305","5.0","4.0",1
"238","0UL11","0U","L",11,170,"PIMA","157.0","14.9765142066131","9.0","4.0",1
"239","0UL12","0U","L",12,171,"PIMA","140.0","12.039336412724","0.0","-3.0",1
"240","0UL13","0U","L",13,172,"PIMA","164.0","14.7426672438143","6.0","-6.0",1
"241","0UL14","0U","L",14,173,"PIMA","146.0","14.9886169544176","5.0","-9.0",1
"242","0VA01","0V","A",1,199,"POTR","109","NA","NA","NA",0
"243","0VA02","0V","A",2,200,"POTR","116","NA","NA","NA",0
"244","0VA03","0V","A",3,201,"POTR","106","NA","NA","NA",0
"245","0VA04","0V","A",4,202,"POTR","72","NA","NA","NA",0
"246","0VA05","0V","A",5,203,"POTR","120","NA","NA","NA",0
"247","0VA06","0V","A",6,204,"POTR","54","NA","NA","NA",0
"248","0VA07","0V","A",7,205,"POTR","112","NA","NA","NA",0
"249","0VA08","0V","A",8,206,"POTR","140","NA","NA","NA",0
"250","0VA09","0V","A",9,207,"POTR","79","NA","NA","NA",0
"251","0VA10","0V","A",10,208,"POTR","130","NA","NA","NA",0
"252","0VA11","0V","A",11,209,"POTR","167","NA","NA","NA",0
"253","0VA12","0V","A",12,210,"POTR","175","NA","NA","NA",0
"254","0VA13","0V","A",13,211,"POTR","164","NA","NA","NA",0
"255","0VA14","0V","A",14,212,"POTR","193","NA","NA","NA",0
"256","0VA15","0V","A",15,213,"POTR","154","NA","NA","NA",0
"257","0VA16","0V","A",16,214,"POTR","159","NA","NA","NA",0
"258","0VA17","0V","A",17,215,"POTR","180","NA","NA","NA",0
"259","0VA18","0V","A",18,216,"POTR","213","NA","NA","NA",0
"260","0VL01","0V","L",1,186,"PIMA","126.0","13.1308935880104","9.0","-3.0",1
"261","0VL02","0V","L",2,187,"PIMA","119.0","9.7753439007178","13.0","2.0",1
"262","0VL03","0V","L",3,188,"PIMA","130.0","13.621866436604","13.0","5.0",1
"263","0VL04","0V","L",4,189,"PIMA","183.0","12.1928244248577","35.0","-1.0",1
"264","0VL05","0V","L",5,190,"PIMA","183.0","14.6892137302046","37.0","3.0",1
"265","0VL06","0V","L",6,191,"PIMA","165.0","15.3066913802785","45.0","-1.0",1
"266","0VL07","0V","L",7,192,"PIMA","167.0","14.8918658330466","70.0","-4.0",1
"267","0VL08","0V","L",8,193,"PIMA","201.0","17.4448398787449","66.0","2.0",1
"268","0VL09","0V","L",9,194,"PIMA","113.0","9.82640623467285","22.0","1.0",1
"269","0VL10","0V","L",10,195,"PIMA","98.0","11.59","33.0","4.0",1
"270","0VL11","0V","L",11,196,"PIMA","73.0","11.07","34.0","3.0",1
"271","0VL12","0V","L",12,197,"PIMA","95.0","9.42","47.0","4.0",1
"272","0VL13","0V","L",13,198,"PIMA","34.0","2.82","91.0","0.0",1
"273","0XA01","0X","A",1,259,"POTR","210","NA","NA","NA",0
"274","0XA02","0X","A",2,260,"POTR","209","NA","NA","NA",0
"275","0XA03","0X","A",3,261,"POTR","211","NA","NA","NA",0
"276","0XA04","0X","A",4,262,"POTR","179","NA","NA","NA",0
"277","0XA05","0X","A",5,263,"POTR","232","NA","NA","NA",0
"278","0XA06","0X","A",6,264,"POTR","213","NA","NA","NA",0
"279","0XA07","0X","A",7,265,"POTR","238","NA","NA","NA",0
"280","0XA08","0X","A",8,266,"POTR","262","NA","NA","NA",0
"281","0XA09","0X","A",9,267,"POTR","152","17.26","NA","NA",1
"282","0XA10","0X","A",10,268,"POTR","108","12.12","NA","NA",1
"283","0XA11","0X","A",11,269,"POTR","171","16.3","NA","NA",1
"284","0XA12","0X","A",12,270,"POTR","137","16.51","NA","NA",1
"285","0XA13","0X","A",13,271,"POTR","126","16.08","NA","NA",1
"286","0XA14","0X","A",14,272,"POTR","140","16.38","NA","NA",1
"287","0XA15","0X","A",15,273,"POTR","178","17.91","NA","NA",1
"288","0XA16","0X","A",16,274,"POTR","157","15.95","NA","NA",1
"289","0XL01","0X","L",1,245,"PIMA","102.0","9.71","9.1","-2.0",1
"290","0XL02","0X","L",2,246,"PIMA","101.0","10.44","12.6","-7.5",1
"291","0XL03","0X","L",3,247,"PIMA","162.0","10.67","19.0","-10.0",1
"292","0XL04","0X","L",4,248,"PIMA","66.0","6.33","25.0","-3.4",1
"293","0XL05","0X","L",5,249,"PIMA","64.0","4.78","30.0","-4.2",1
"294","0XL06","0X","L",6,250,"PIMA","93.0","8.09","39.0","-3.7",1
"295","0XL07","0X","L",7,251,"PIMA","145.0","10.3942065480073","NA","NA",0
"296","0XL08","0X","L",8,252,"PIMA","169.0","12.0399825887078","NA","NA",0
"297","0XL09","0X","L",9,253,"PIMA","174.0","12.1930608696308","NA","NA",0
"298","0XL10","0X","L",10,254,"PIMA","136.0","9.11469790792017","NA","NA",0
"299","0XL11","0X","L",11,255,"PIMA","150.0","9.84436104176805","NA","NA",0
"300","0XL12","0X","L",12,256,"PIMA","130.0","10.9726861169333","NA","NA",0
"301","0XL13","0X","L",13,257,"PIMA","134.0","10.7115962458096","NA","NA",0
"302","0XL14","0X","L",14,258,"PIMA","251.0","19.3954801884045","NA","NA",0
"303","0YA01","0Y","A",1,289,"POTR","173","23.25","NA","NA",1
"304","0YA02","0Y","A",2,290,"POTR","101","14.18","NA","NA",1
"305","0YA03","0Y","A",3,291,"POTR","87","16.73","NA","NA",1
"306","0YA09","0Y","A",9,292,"POTR","183","NA","NA","NA",0
"307","0YA10","0Y","A",10,293,"POTR","155","NA","NA","NA",0
"308","0YA11","0Y","A",11,294,"POTR","207","NA","NA","NA",0
"309","0YA12","0Y","A",12,295,"POTR","228","NA","NA","NA",0
"310","0YA13","0Y","A",13,296,"POTR","169","NA","NA","NA",0
"311","0YA14","0Y","A",14,297,"POTR","186","NA","NA","NA",0
"312","0YA15","0Y","A",15,298,"POTR","214","NA","NA","NA",0
"313","0YA16","0Y","A",16,299,"POTR","199","NA","NA","NA",0
"314","0YL01","0Y","L",1,275,"PIMA","114.0","9.92","4.0","4.2",1
"315","0YL02","0Y","L",2,276,"PIMA","67.0","7.24","13.5","2.5",1
"316","0YL03","0Y","L",3,277,"PIMA","94.0","10.01","26.2","6.2",1
"317","0YL04","0Y","L",4,278,"PIMA","57.0","7.29","29.0","0.6",1
"318","0YL05","0Y","L",5,279,"PIMA","41.0","2.28","50.0","3.1",1
"319","0YL06","0Y","L",6,280,"PIMA","43.0","3.55","55.0","1.0",1
"320","0YL07","0Y","L",7,281,"PIMA","193.0","16.0425813353369","NA","NA",0
"321","0YL08","0Y","L",8,282,"PIMA","148.0","11.5976780152983","NA","NA",0
"322","0YL09","0Y","L",9,283,"PIMA","149.0","12.866545236943","NA","NA",0
"323","0YL10","0Y","L",10,284,"PIMA","148.0","9.25156945445048","NA","NA",0
"324","0YL11","0Y","L",11,285,"PIMA","147.0","16.558597577537","NA","NA",0
"325","0YL12","0Y","L",12,286,"PIMA","158.0","12.9701653043974","NA","NA",0
"326","0YL13","0Y","L",13,287,"PIMA","186.0","12.4658383475528","NA","NA",0
"327","0YL14","0Y","L",14,288,"PIMA","182.0","13.1490850395353","NA","NA",0
"328","0ZA01","0Z","A",1,314,"POTR","57","7.73","NA","NA",1
"329","0ZA02","0Z","A",2,315,"POTR","29","4.97","NA","NA",1
"330","0ZA03","0Z","A",3,316,"POTR","61","6.53","NA","NA",1
"331","0ZA04","0Z","A",4,317,"POTR","35","6.06","NA","NA",1
"332","0ZA05","0Z","A",5,318,"POTR","54","9.75","NA","NA",1
"333","0ZA06","0Z","A",6,319,"POTR","44","7.04","NA","NA",1
"334","0ZA07","0Z","A",7,320,"POTR","101","11.67","NA","NA",1
"335","0ZA08","0Z","A",8,321,"POTR","44","7.54","NA","NA",1
"336","0ZA09","0Z","A",9,322,"POTR","128","NA","NA","NA",0
"337","0ZA10","0Z","A",10,323,"POTR","138","NA","NA","NA",0
"338","0ZA11","0Z","A",11,324,"POTR","100","NA","NA","NA",0
"339","0ZA12","0Z","A",12,325,"POTR","97","NA","NA","NA",0
"340","0ZA13","0Z","A",13,326,"POTR","87","NA","NA","NA",0
"341","0ZA14","0Z","A",14,327,"POTR","105","NA","NA","NA",0
"342","0ZA15","0Z","A",15,328,"POTR","128","NA","NA","NA",0
"343","0ZA16","0Z","A",16,329,"POTR","154","NA","NA","NA",0
"344","0ZL01","0Z","L",1,300,"PIMA","15.0","2.5","1.5","1.0",1
"345","0ZL02","0Z","L",2,301,"PIMA","35.0","3.0","7.0","1.0",1
"346","0ZL03","0Z","L",3,302,"PIMA","15.0","2.53","13.3","-6.0",1
"347","0ZL04","0Z","L",4,303,"PIMA","14.0","1.68","23.0","6.5",1
"348","0ZL05","0Z","L",5,304,"PIMA","68.0","7.54","27.0","2.0",1
"349","0ZL06","0Z","L",6,305,"PIMA","37.0","5.92","29.0","5.5",1
"350","0ZL07","0Z","L",7,306,"PIMA","154.0","14.7492233793457","NA","NA",0
"351","0ZL08","0Z","L",8,307,"PIMA","81.0","8.28801378384764","NA","NA",0
"352","0ZL09","0Z","L",9,308,"PIMA","105.0","9.37216963737884","NA","NA",0
"353","0ZL10","0Z","L",10,309,"PIMA","195.0","13.4862507332127","NA","NA",0
"354","0ZL11","0Z","L",11,310,"PIMA","122.0","11.8886322007114","NA","NA",0
"355","0ZL12","0Z","L",12,311,"PIMA","151.0","12.7881243257382","NA","NA",0
"356","0ZL13","0Z","L",13,312,"PIMA","102.0","11.5919805643391","NA","NA",0
"357","0ZL14","0Z","L",14,313,"PIMA","153.0","12.1424002111094","NA","NA",0
"358","AAA01","AA","A",1,345,"POTR","120","13.9","NA","NA",1
"359","AAA02","AA","A",2,346,"POTR","120","16","NA","NA",1
"360","AAA03","AA","A",3,347,"POTR","116","15.63","NA","NA",1
"361","AAA04","AA","A",4,348,"POTR","139","16.94","NA","NA",1
"362","AAA05","AA","A",5,349,"POTR","108","15.27","NA","NA",1
"363","AAA06","AA","A",6,350,"POTR","143","17.65","NA","NA",1
"364","AAA07","AA","A",7,351,"POTR","100","15.26","NA","NA",1
"365","AAA08","AA","A",8,352,"POTR","115","15.72","NA","NA",1
"366","AAA09","AA","A",9,353,"POTR","136","16.22","NA","NA",1
"367","AAA10","AA","A",10,354,"POTR","123","15.84","NA","NA",1
"368","AAA11","AA","A",11,355,"POTR","178","NA","NA","NA",0
"369","AAA12","AA","A",12,356,"POTR","208","NA","NA","NA",0
"370","AAA13","AA","A",13,357,"POTR","266","NA","NA","NA",0
"371","AAA14","AA","A",14,358,"POTR","211","NA","NA","NA",0
"372","AAA15","AA","A",15,359,"POTR","235","NA","NA","NA",0
"373","AAA16","AA","A",16,360,"POTR","192","NA","NA","NA",0
"374","AAA17","AA","A",17,361,"POTR","205","NA","NA","NA",0
"375","AAA18","AA","A",18,362,"POTR","234","NA","NA","NA",0
"376","AAA19","AA","A",19,363,"POTR","191","NA","NA","NA",0
"377","AAA20","AA","A",20,364,"POTR","208","NA","NA","NA",0
"378","AAL01","AA","L",1,330,"PIMA","127.0","11.74","0.69","1.38",1
"379","AAL02","AA","L",2,331,"PIMA","100.0","10.85","0.0","3.66",1
"380","AAL03","AA","L",3,332,"PIMA","72.0","9.7","2.18","1.38",1
"381","AAL04","AA","L",4,333,"PIMA","60.0","7.76","2.18","3.04",1
"382","AAL05","AA","L",5,334,"PIMA","140.0","13.75","4.88","1.02",1
"383","AAL06","AA","L",6,335,"PIMA","125.0","12.73","7.24","3.9",1
"384","AAL07","AA","L",7,336,"PIMA","42.0","4.82","9.12","2.21",1
"385","AAL08","AA","L",8,337,"PIMA","124.0","12.49","10.84","2.28",1
"386","AAL09","AA","L",9,338,"PIMA","68.0","6.22","12.5","0.35",1
"387","AAL10","AA","L",10,339,"PIMA","48.0","4.87","9.44","0.68",1
"388","AAL11","AA","L",11,340,"PIMA","188.0","NA","NA","NA",1
"389","AAL12","AA","L",12,341,"PIMA","240.0","NA","NA","NA",1
"390","AAL13","AA","L",13,342,"PIMA","196.0","NA","NA","NA",1
"391","AAL14","AA","L",14,343,"PIMA","198.0","NA","NA","NA",1
"392","AAL15","AA","L",15,344,"PIMA","160.0","NA","NA","NA",1
"393","CCA01","CC","A",1,379,"POTR","131","11.95","NA","NA",1
"394","CCA02","CC","A",2,380,"POTR","76","10.38","NA","NA",1
"395","CCA03","CC","A",3,381,"POTR","100","12.63","NA","NA",1
"396","CCA04","CC","A",4,382,"POTR","118","13.55","NA","NA",1
"397","CCA05","CC","A",5,383,"POTR","82","10.28","NA","NA",1
"398","CCA06","CC","A",6,384,"POTR","100","10.54","NA","NA",1
"399","CCA07","CC","A",7,385,"POTR","100","12.11","NA","NA",1
"400","CCA08","CC","A",8,386,"POTR","148","13.13","NA","NA",1
"401","CCA09","CC","A",9,387,"POTR","85","7.48","NA","NA",1
"402","CCA10","CC","A",10,388,"POTR","140","13.57","NA","NA",1
"403","CCA11","CC","A",11,389,"POTR","240","NA","NA","NA",0
"404","CCA12","CC","A",12,390,"POTR","218","NA","NA","NA",0
"405","CCA13","CC","A",13,391,"POTR","178","NA","NA","NA",0
"406","CCA15","CC","A",15,392,"POTR","205","NA","NA","NA",0
"407","CCA16","CC","A",16,393,"POTR","233","NA","NA","NA",0
"408","CCA17","CC","A",17,394,"POTR","241","NA","NA","NA",0
"409","CCA18","CC","A",18,395,"POTR","198","NA","NA","NA",0
"410","CCA19","CC","A",19,396,"POTR","232","NA","NA","NA",0
"411","CCA20","CC","A",20,397,"POTR","116","NA","NA","NA",0
"412","CCL01","CC","L",1,365,"PIMA","45.0","4.62","0.2","1.62",1
"413","CCL02","CC","L",2,366,"PIMA","50.0","8.87","0.4","0.7",1
"414","CCL03","CC","L",3,367,"PIMA","55.0","7.61","0.6","1.0",1
"415","CCL04","CC","L",4,368,"PIMA","60.0","6.0","2.7","1.0",1
"416","CCL05","CC","L",5,369,"PIMA","80.0","9.12","3.4","4.17",1
"417","CCL06","CC","L",6,370,"PIMA","50.0","6.3","7.6","1.32",1
"418","CCL07","CC","L",7,371,"PIMA","104.0","7.77","10.6","0.88",1
"419","CCL08","CC","L",8,372,"PIMA","114.0","9.83","14.2","2.3",1
"420","CCL09","CC","L",9,373,"PIMA","175.0","NA","NA","NA",0
"421","CCL10","CC","L",10,374,"PIMA","171.0","NA","NA","NA",0
"422","CCL11","CC","L",11,375,"PIMA","208.0","NA","NA","NA",0
"423","CCL12","CC","L",12,376,"PIMA","215.0","NA","NA","NA",0
"424","CCL13","CC","L",13,377,"PIMA","181.0","NA","NA","NA",0
"425","CCL14","CC","L",14,378,"PIMA","200.0","NA","NA","NA",0
"426","DDA01","DD","A",1,412,"POTR","154","13.5","NA","NA",1
"427","DDA02","DD","A",2,413,"POTR","194","21.78","NA","NA",1
"428","DDA03","DD","A",3,414,"POTR","105","19.97","NA","NA",1
"429","DDA04","DD","A",4,415,"POTR","168","14.68","NA","NA",1
"430","DDA05","DD","A",5,416,"POTR","112","16.68","NA","NA",1
"431","DDA06","DD","A",6,417,"POTR","128","17.7","NA","NA",1
"432","DDA07","DD","A",7,418,"POTR","100","15.42","NA","NA",1
"433","DDA08","DD","A",8,419,"POTR","112","16.5","NA","NA",1
"434","DDA09","DD","A",9,420,"POTR","128","17.04","NA","NA",1
"435","DDA10","DD","A",10,421,"POTR","120","17.81","NA","NA",1
"436","DDA11","DD","A",11,422,"POTR","289","NA","NA","NA",0
"437","DDA12","DD","A",12,423,"POTR","245","NA","NA","NA",0
"438","DDA13","DD","A",13,424,"POTR","295","NA","NA","NA",0
"439","DDA14","DD","A",14,425,"POTR","267","NA","NA","NA",0
"440","DDA15","DD","A",15,426,"POTR","260","NA","NA","NA",0
"441","DDA16","DD","A",16,427,"POTR","250","NA","NA","NA",0
"442","DDA17","DD","A",17,428,"POTR","268","NA","NA","NA",0
"443","DDA18","DD","A",18,429,"POTR","269","NA","NA","NA",0
"444","DDA19","DD","A",19,430,"POTR","330","NA","NA","NA",0
"445","DDA20","DD","A",20,431,"POTR","270","NA","NA","NA",0
"446","DDL01","DD","L",1,398,"PIMA","31.0","5.57","NA","NA",1
"447","DDL02","DD","L",2,399,"PIMA","166.0","14.9","NA","NA",1
"448","DDL03","DD","L",3,400,"PIMA","166.0","14.81","NA","NA",1
"449","DDL04","DD","L",4,401,"PIMA","56.0","7.74","NA","NA",1
"450","DDL05","DD","L",5,402,"PIMA","80.0","9.81","NA","NA",1
"451","DDL06","DD","L",6,403,"PIMA","60.0","11.12","NA","NA",1
"452","DDL07","DD","L",7,404,"PIMA","119.0","12.3","NA","NA",1
"453","DDL08","DD","L",8,405,"PIMA","74.0","11.17","NA","NA",1
"454","DDL09","DD","L",9,406,"PIMA","230.0","NA","NA","NA",0
"455","DDL10","DD","L",10,407,"PIMA","320.0","NA","NA","NA",0
"456","DDL11","DD","L",11,408,"PIMA","225.0","NA","NA","NA",0
"457","DDL12","DD","L",12,409,"PIMA","215.0","NA","NA","NA",0
"458","DDL13","DD","L",13,410,"PIMA","255.0","NA","NA","NA",0
"459","DDL14","DD","L",14,411,"PIMA","260.0","NA","NA","NA",0
"460","EEA01","EE","A",1,444,"POTR","93","13.8","NA","NA",1
"461","EEA02","EE","A",2,445,"POTR","139","15.4","NA","NA",1
"462","EEA03","EE","A",3,446,"POTR","85","14.5","NA","NA",1
"463","EEA04","EE","A",4,447,"POTR","64","12.6","NA","NA",1
"464","EEA05","EE","A",5,448,"POTR","55","10.8","NA","NA",1
"465","EEA06","EE","A",6,449,"POTR","128","13","NA","NA",1
"466","EEA07","EE","A",7,450,"POTR","75","12","NA","NA",1
"467","EEA08","EE","A",8,451,"POTR","132","17.2","NA","NA",1
"468","EEA09","EE","A",9,452,"POTR","172","17.2","NA","NA",1
"469","EEA10","EE","A",10,453,"POTR","89","12.9","NA","NA",1
"470","EEA11","EE","A",11,454,"POTR","280","NA","NA","NA",0
"471","EEA12","EE","A",12,455,"POTR","248","NA","NA","NA",0
"472","EEA13","EE","A",13,456,"POTR","280","NA","NA","NA",0
"473","EEA14","EE","A",14,457,"POTR","265","NA","NA","NA",0
"474","EEA15","EE","A",15,458,"POTR","310","NA","NA","NA",0
"475","EEA16","EE","A",16,459,"POTR","250","NA","NA","NA",0
"476","EEA17","EE","A",17,460,"POTR","270","NA","NA","NA",0
"477","EEA18","EE","A",18,461,"POTR","253","NA","NA","NA",0
"478","EEA19","EE","A",19,462,"POTR","197","NA","NA","NA",0
"479","EEA20","EE","A",20,463,"POTR","235","NA","NA","NA",0
"480","EEL01","EE","L",1,432,"PIMA","76.0","8.2","NA","NA",1
"481","EEL02","EE","L",2,433,"PIMA","139.0","16.77","NA","NA",1
"482","EEL03","EE","L",3,434,"PIMA","110.0","13.5","NA","NA",1
"483","EEL04","EE","L",4,435,"PIMA","69.0","7.7","NA","NA",1
"484","EEL05","EE","L",5,436,"PIMA","169.0","17.1","NA","NA",1
"485","EEL06","EE","L",6,437,"PIMA","128.0","14.8","NA","NA",1
"486","EEL07","EE","L",7,438,"PIMA","78.0","8.9","NA","NA",1
"487","EEL08","EE","L",8,439,"PIMA","40.0","5.2","NA","NA",1
"488","EEL10","EE","L",10,440,"PIMA","180.0","NA","NA","NA",0
"489","EEL12","EE","L",12,441,"PIMA","235.0","NA","NA","NA",0
"490","EEL13","EE","L",13,442,"PIMA","183.0","NA","NA","NA",0
"491","EEL14","EE","L",14,443,"PIMA","295.0","NA","NA","NA",0
"492","FFA01","FF","A",1,477,"POTR","110","15.2","NA","NA",1
"493","FFA02","FF","A",2,478,"POTR","112","17","NA","NA",1
"494","FFA03","FF","A",3,479,"POTR","72","13.97","NA","NA",1
"495","FFA04","FF","A",4,480,"POTR","75","12.23","NA","NA",1
"496","FFA05","FF","A",5,481,"POTR","143","19.11","NA","NA",1
"497","FFA06","FF","A",6,482,"POTR","104","19.24","NA","NA",1
"498","FFA07","FF","A",7,483,"POTR","155","15.5","NA","NA",1
"499","FFA08","FF","A",8,484,"POTR","203","19.18","NA","NA",1
"500","FFA11","FF","A",11,485,"POTR","200","NA","NA","NA",0
"501","FFA12","FF","A",12,486,"POTR","190","NA","NA","NA",0
"502","FFA13","FF","A",13,487,"POTR","140","NA","NA","NA",0
"503","FFA14","FF","A",14,488,"POTR","285","NA","NA","NA",0
"504","FFA15","FF","A",15,489,"POTR","175","NA","NA","NA",0
"505","FFA16","FF","A",16,490,"POTR","245","NA","NA","NA",0
"506","FFA17","FF","A",17,491,"POTR","190","NA","NA","NA",0
"507","FFA18","FF","A",18,492,"POTR","153","NA","NA","NA",0
"508","FFA19","FF","A",19,493,"POTR","232","NA","NA","NA",0
"509","FFA20","FF","A",20,494,"POTR","285","NA","NA","NA",0
"510","FFL01","FF","L",1,464,"PIMA","118.0","7.1","NA","NA",1
"511","FFL02","FF","L",2,465,"PIMA","151.0","13.01","NA","NA",1
"512","FFL03","FF","L",3,466,"PIMA","58.0","8.3","NA","NA",1
"513","FFL04","FF","L",4,467,"PIMA","64.0","8.76","NA","NA",1
"514","FFL05","FF","L",5,468,"PIMA","46.0","6.31","NA","NA",1
"515","FFL06","FF","L",6,469,"PIMA","65.0","8.29","NA","NA",1
"516","FFL08","FF","L",8,470,"PIMA","92.0","9.56","NA","NA",1
"517","FFL09","FF","L",9,471,"PIMA","370.0","NA","NA","NA",0
"518","FFL10","FF","L",10,472,"PIMA","220.0","NA","NA","NA",0
"519","FFL11","FF","L",11,473,"PIMA","205.0","NA","NA","NA",0
"520","FFL12","FF","L",12,474,"PIMA","270.0","NA","NA","NA",0
"521","FFL13","FF","L",13,475,"PIMA","300.0","NA","NA","NA",0
"522","FFL14","FF","L",14,476,"PIMA","290.0","NA","NA","NA",0
"523","HHA01","HH","A",1,507,"POTR","213","17.62","NA","NA",1
"524","HHA02","HH","A",2,508,"POTR","174","16.85","NA","NA",1
"525","HHA03","HH","A",3,509,"POTR","160","17.01","NA","NA",1
"526","HHA04","HH","A",4,510,"POTR","252","19.49","NA","NA",1
"527","HHA05","HH","A",5,511,"POTR","139","16.15","NA","NA",1
"528","HHA06","HH","A",6,512,"POTR","190","16.31","NA","NA",1
"529","HHA07","HH","A",7,513,"POTR","218","19.5","NA","NA",1
"530","HHA08","HH","A",8,514,"POTR","126","14.9","NA","NA",1
"531","HHA09","HH","A",9,515,"POTR","164","17.21","NA","NA",1
"532","HHA11","HH","A",11,516,"POTR","190","NA","NA","NA",0
"533","HHA12","HH","A",12,517,"POTR","209","NA","NA","NA",0
"534","HHA13","HH","A",13,518,"POTR","210","NA","NA","NA",0
"535","HHA14","HH","A",14,519,"POTR","230","NA","NA","NA",0
"536","HHA15","HH","A",15,520,"POTR","210","NA","NA","NA",0
"537","HHA17","HH","A",17,521,"POTR","198","NA","NA","NA",0
"538","HHA18","HH","A",18,522,"POTR","235","NA","NA","NA",0
"539","HHA19","HH","A",19,523,"POTR","190","NA","NA","NA",0
"540","HHA20","HH","A",20,524,"POTR","245","NA","NA","NA",0
"541","HHL02","HH","L",2,495,"PIMA","84.0","10.64","NA","NA",1
"542","HHL03","HH","L",3,496,"PIMA","111.0","12.88","NA","NA",1
"543","HHL04","HH","L",4,497,"PIMA","180.0","16.75","NA","NA",1
"544","HHL05","HH","L",5,498,"PIMA","110.0","12.38","NA","NA",1
"545","HHL06","HH","L",6,499,"PIMA","155.0","14.57","NA","NA",1
"546","HHL07","HH","L",7,500,"PIMA","96.0","11.35","NA","NA",1
"547","HHL09","HH","L",9,501,"PIMA","170.0","NA","NA","NA",0
"548","HHL10","HH","L",10,502,"PIMA","210.0","NA","NA","NA",0
"549","HHL11","HH","L",11,503,"PIMA","165.0","NA","NA","NA",0
"550","HHL12","HH","L",12,504,"PIMA","166.0","NA","NA","NA",0
"551","HHL13","HH","L",13,505,"PIMA","195.0","NA","NA","NA",0
"552","HHL14","HH","L",14,506,"PIMA","160.0","NA","NA","NA",0
"553","JJA02","JJ","A",2,541,"POTR","94","14.89","NA","NA",1
"554","JJA03","JJ","A",3,542,"POTR","224","16.63","NA","NA",1
"555","JJA04","JJ","A",4,543,"POTR","88","14.74","NA","NA",1
"556","JJA05","JJ","A",5,544,"POTR","128","13.43","NA","NA",1
"557","JJA06","JJ","A",6,545,"POTR","163","18.41","NA","NA",1
"558","JJA09","JJ","A",9,546,"POTR","184","16.81","NA","NA",1
"559","JJA10","JJ","A",10,547,"POTR","158","17.5","NA","NA",1
"560","JJA11","JJ","A",11,548,"POTR","200","NA","NA","NA",0
"561","JJA12","JJ","A",12,549,"POTR","180","NA","NA","NA",0
"562","JJA13","JJ","A",13,550,"POTR","153","NA","NA","NA",0
"563","JJA14","JJ","A",14,551,"POTR","160","NA","NA","NA",0
"564","JJA15","JJ","A",15,552,"POTR","123","NA","NA","NA",0
"565","JJA16","JJ","A",16,553,"POTR","158","NA","NA","NA",0
"566","JJA17","JJ","A",17,554,"POTR","155","NA","NA","NA",0
"567","JJA18","JJ","A",18,555,"POTR","180","NA","NA","NA",0
"568","JJA19","JJ","A",19,556,"POTR","155","NA","NA","NA",0
"569","JJA20","JJ","A",20,557,"POTR","170","NA","NA","NA",0
"570","JJL01","JJ","L",1,525,"PIMA","67.0","9.61","NA","NA",1
"571","JJL02","JJ","L",2,526,"PIMA","64.0","9.58","NA","NA",1
"572","JJL03","JJ","L",3,527,"PIMA","68.0","7.08","NA","NA",1
"573","JJL04","JJ","L",4,528,"PIMA","96.0","13.87","NA","NA",1
"574","JJL05","JJ","L",5,529,"PIMA","116.0","12.15","NA","NA",1
"575","JJL06","JJ","L",6,530,"PIMA","90.0","11.77","NA","NA",1
"576","JJL07","JJ","L",7,531,"PIMA","106.0","11.84","NA","NA",1
"577","JJL08","JJ","L",8,532,"PIMA","143.0","12.97","NA","NA",1
"578","JJL09","JJ","L",9,533,"PIMA","76.0","10.47","NA","NA",1
"579","JJL10","JJ","L",10,534,"PIMA","165.0","NA","NA","NA",0
"580","JJL11","JJ","L",11,535,"PIMA","140.0","NA","NA","NA",0
"581","JJL12","JJ","L",12,536,"PIMA","123.0","NA","NA","NA",0
"582","JJL13","JJ","L",13,537,"PIMA","125.0","NA","NA","NA",0
"583","JJL14","JJ","L",14,538,"PIMA","124.0","NA","NA","NA",0
"584","JJL15","JJ","L",15,539,"PIMA","135.0","NA","NA","NA",0
"585","JJL16","JJ","L",16,540,"PIMA","120.0","NA","NA","NA",0
"586","KKA01","KK","A",1,573,"POTR","155","15.69","NA","NA",1
"587","KKA02","KK","A",2,574,"POTR","110","12.74","NA","NA",1
"588","KKA03","KK","A",3,575,"POTR","90","11.04","NA","NA",1
"589","KKA04","KK","A",4,576,"POTR","125","13.52","NA","NA",1
"590","KKA06","KK","A",6,577,"POTR","95","13.46","NA","NA",1
"591","KKA07","KK","A",7,578,"POTR","90","12.63","NA","NA",1
"592","KKA08","KK","A",8,579,"POTR","140","15.34","NA","NA",1
"593","KKA09","KK","A",9,580,"POTR","130","15.07","NA","NA",1
"594","KKA13","KK","A",13,581,"POTR","226","NA","NA","NA",0
"595","KKL01","KK","L",1,558,"PIMA","53.0","8.3","NA","NA",1
"596","KKL02","KK","L",2,559,"PIMA","110.0","11.59","NA","NA",1
"597","KKL03","KK","L",3,560,"PIMA","115.0","14.03","NA","NA",1
"598","KKL04","KK","L",4,561,"PIMA","95.0","11.13","NA","NA",1
"599","KKL05","KK","L",5,562,"PIMA","90.0","10.26","NA","NA",1
"600","KKL06","KK","L",6,563,"PIMA","118.0","12.37","NA","NA",1
"601","KKL08","KK","L",8,564,"PIMA","95.0","10.88","NA","NA",1
"602","KKL09","KK","L",9,565,"PIMA","82.0","10.07","NA","NA",1
"603","KKL10","KK","L",10,566,"PIMA","135.0","NA","NA","NA",0
"604","KKL11","KK","L",11,567,"PIMA","145.0","NA","NA","NA",0
"605","KKL12","KK","L",12,568,"PIMA","127.0","NA","NA","NA",0
"606","KKL13","KK","L",13,569,"PIMA","125.0","NA","NA","NA",0
"607","KKL14","KK","L",14,570,"PIMA","103.0","NA","NA","NA",0
"608","KKL15","KK","L",15,571,"PIMA","115.0","NA","NA","NA",0
"609","KKL16","KK","L",16,572,"PIMA","125.0","NA","NA","NA",0
"610","MMA01","MM","A",1,595,"POTR","67","11.79","NA","NA",1
"611","MMA02","MM","A",2,596,"POTR","83","12.44","NA","NA",1
"612","MMA03","MM","A",3,597,"POTR","72","11.73","NA","NA",1
"613","MMA04","MM","A",4,598,"POTR","91","13.22","NA","NA",1
"614","MMA05","MM","A",5,599,"POTR","90","13.11","NA","NA",1
"615","MMA06","MM","A",6,600,"POTR","73","10.6","NA","NA",1
"616","MMA07","MM","A",7,601,"POTR","55","9.58","NA","NA",1
"617","MMA08","MM","A",8,602,"POTR","170","16.78","NA","NA",1
"618","MMA09","MM","A",9,603,"POTR","145","15.35","NA","NA",1
"619","MMA10","MM","A",10,604,"POTR","87","11.12","NA","NA",1
"620","MMA11","MM","A",11,605,"POTR","417","NA","NA","NA",0
"621","MMA12","MM","A",12,606,"POTR","236","NA","NA","NA",0
"622","MMA13","MM","A",13,607,"POTR","208","NA","NA","NA",0
"623","MMA14","MM","A",14,608,"POTR","245","NA","NA","NA",0
"624","MMA15","MM","A",15,609,"POTR","182","NA","NA","NA",0
"625","MMA16","MM","A",16,610,"POTR","224","NA","NA","NA",0
"626","MMA17","MM","A",17,611,"POTR","166","NA","NA","NA",0
"627","MMA18","MM","A",18,612,"POTR","305","NA","NA","NA",0
"628","MMA19","MM","A",19,613,"POTR","156","NA","NA","NA",0
"629","MMA20","MM","A",20,614,"POTR","241","NA","NA","NA",0
"630","MML01","MM","L",1,582,"PIMA","69.0","8.11","0.2","-2.5",1
"631","MML02","MM","L",2,583,"PIMA","80.0","8.19","1.7","-3.1",1
"632","MML03","MM","L",3,584,"PIMA","80.0","7.83","2.5","-0.5",1
"633","MML04","MM","L",4,585,"PIMA","120.0","10.02","3.7","-1.0",1
"634","MML05","MM","L",5,586,"PIMA","122.0","14.17","5.5","-1.2",1
"635","MML06","MM","L",6,587,"PIMA","46.0","5.22","5.7","-3.0",1
"636","MML07","MM","L",7,588,"PIMA","80.0","8.59","7.0","-1.0",1
"637","MML08","MM","L",8,589,"PIMA","129.0","14.78","6.8","-4.1",1
"638","MML09","MM","L",9,590,"PIMA","422.0","NA","NA","NA",0
"639","MML10","MM","L",10,591,"PIMA","347.0","NA","NA","NA",0
"640","MML12","MM","L",12,592,"PIMA","239.0","NA","NA","NA",0
"641","MML13","MM","L",13,593,"PIMA","328.0","NA","NA","NA",0
"642","MML14","MM","L",14,594,"PIMA","366.0","NA","NA","NA",0
"643","PPA01","PP","A",1,630,"POTR","139","18.44","NA","NA",1
"644","PPA02","PP","A",2,631,"POTR","97","14.75","NA","NA",1
"645","PPA03","PP","A",3,632,"POTR","114","16.73","NA","NA",1
"646","PPA04","PP","A",4,633,"POTR","125","20.27","NA","NA",1
"647","PPA05","PP","A",5,634,"POTR","103","16.89","NA","NA",1
"648","PPA06","PP","A",6,635,"POTR","72","12.67","NA","NA",1
"649","PPA07","PP","A",7,636,"POTR","119","18.33","NA","NA",1
"650","PPA08","PP","A",8,637,"POTR","179","NA","NA","NA",0
"651","PPA09","PP","A",9,638,"POTR","170","NA","NA","NA",0
"652","PPA10","PP","A",10,639,"POTR","155","NA","NA","NA",0
"653","PPA11","PP","A",11,640,"POTR","163","NA","NA","NA",0
"654","PPA12","PP","A",12,641,"POTR","169","NA","NA","NA",0
"655","PPA13","PP","A",13,642,"POTR","176","NA","NA","NA",0
"656","PPA14","PP","A",14,643,"POTR","179","NA","NA","NA",0
"657","PPA15","PP","A",15,644,"POTR","195","NA","NA","NA",0
"658","PPA16","PP","A",16,645,"POTR","192","NA","NA","NA",0
"659","PPA17","PP","A",17,646,"POTR","232","NA","NA","NA",0
"660","PPA18","PP","A",18,647,"POTR","190","NA","NA","NA",0
"661","PPL01","PP","L",1,615,"PIMA","30.0","4.31","0.0","0.3",1
"662","PPL02","PP","L",2,616,"PIMA","78.0","9.3","1.0","0.0",1
"663","PPL03","PP","L",3,617,"PIMA","40.0","7.78","1.0","1.3",1
"664","PPL04","PP","L",4,618,"PIMA","137.0","10.66","0.2","3.0",1
"665","PPL05","PP","L",5,619,"PIMA","95.0","11.25","1.5","1.2",1
"666","PPL06","PP","L",6,620,"PIMA","72.0","7.48","2.5","4.0",1
"667","PPL07","PP","L",7,621,"PIMA","82.0","10.26","4.0","5.0",1
"668","PPL08","PP","L",8,622,"PIMA","60.0","9.05","4.5","1.5",1
"669","PPL09","PP","L",9,623,"PIMA","64.0","9.38","NA","NA",1
"670","PPL10","PP","L",10,624,"PIMA","85.0","10.62","NA","NA",1
"671","PPL11","PP","L",11,625,"PIMA","205.0","NA","NA","NA",1
"672","PPL12","PP","L",12,626,"PIMA","190.0","NA","NA","NA",1
"673","PPL13","PP","L",13,627,"PIMA","158.0","NA","NA","NA",1
"674","PPL14","PP","L",14,628,"PIMA","159.0","NA","NA","NA",1
"675","PPL15","PP","L",15,629,"PIMA","212.0","NA","NA","NA",1
"676","QQA01","QQ","A",1,666,"POTR","116","16.53","NA","NA",1
"677","QQA02","QQ","A",2,667,"POTR","79","13.15","NA","NA",1
"678","QQA03","QQ","A",3,668,"POTR","110","15.57","NA","NA",1
"679","QQA04","QQ","A",4,669,"POTR","92","20.27","NA","NA",1
"680","QQA05","QQ","A",5,670,"POTR","79","12.01","NA","NA",1
"681","QQA06","QQ","A",6,671,"POTR","117","14.79","NA","NA",1
"682","QQA07","QQ","A",7,672,"POTR","90","13.8","NA","NA",1
"683","QQA08","QQ","A",8,673,"POTR","116","15.23","NA","NA",1
"684","QQA09","QQ","A",9,674,"POTR","91","13.56","NA","NA",1
"685","QQA10","QQ","A",10,675,"POTR","88","14.04","NA","NA",1
"686","QQA11","QQ","A",11,676,"POTR","143","NA","NA","NA",0
"687","QQA12","QQ","A",12,677,"POTR","175","NA","NA","NA",0
"688","QQA13","QQ","A",13,678,"POTR","135","NA","NA","NA",0
"689","QQA14","QQ","A",14,679,"POTR","181","NA","NA","NA",0
"690","QQA15","QQ","A",15,680,"POTR","145","NA","NA","NA",0
"691","QQA16","QQ","A",16,681,"POTR","150","NA","NA","NA",0
"692","QQA18","QQ","A",18,682,"POTR","156","NA","NA","NA",0
"693","QQA19","QQ","A",19,683,"POTR","135","NA","NA","NA",0
"694","QQA20","QQ","A",20,684,"POTR","154","NA","NA","NA",0
"695","QQL01","QQ","L",1,648,"PIMA","24.0","2.72","1.08","1.09",1
"696","QQL02","QQ","L",2,649,"PIMA","122.0","11.71","2.81","4.82",1
"697","QQL03","QQ","L",3,650,"PIMA","93.0","10.7","6.97","0.46",1
"698","QQL04","QQ","L",4,651,"PIMA","120.0","12.63","8.58","3.46",1
"699","QQL05","QQ","L",5,652,"PIMA","120.0","12.14","10.56","0.37",1
"700","QQL06","QQ","L",6,653,"PIMA","113.0","13.65","12.7","1.3",1
"701","QQL07","QQ","L",7,654,"PIMA","96.0","11.43","13.59","0.48",1
"702","QQL08","QQ","L",8,655,"PIMA","125.0","13.23","15.15","0.34",1
"703","QQL09","QQ","L",9,656,"PIMA","123.0","13.71","17.43","1.77",1
"704","QQL10","QQ","L",10,657,"PIMA","55.0","6.14","17.59","2.32",1
"705","QQL11","QQ","L",11,658,"PIMA","139.0","14.29","18.66","2.98",1
"706","QQL12","QQ","L",12,659,"PIMA","44.0","5.57","19.43","4.59",1
"707","QQL13","QQ","L",13,660,"PIMA","245.0","NA","NA","NA",1
"708","QQL14","QQ","L",14,661,"PIMA","203.0","NA","NA","NA",1
"709","QQL15","QQ","L",15,662,"PIMA","180.0","NA","NA","NA",1
"710","QQL16","QQ","L",16,663,"PIMA","170.0","NA","NA","NA",1
"711","QQL17","QQ","L",17,664,"PIMA","159.0","NA","NA","NA",1
"712","QQL18","QQ","L",18,665,"PIMA","106.0","NA","NA","NA",1
"713","SSA01","SS","A",1,736,"POTR","146","17.42","NA","NA",1
"714","SSA02","SS","A",2,737,"POTR","160","17.06","NA","NA",1
"715","SSA03","SS","A",3,738,"POTR","115","20.63","NA","NA",1
"716","SSA04","SS","A",4,739,"POTR","148","15.86","NA","NA",1
"717","SSA05","SS","A",5,740,"POTR","132","17.54","NA","NA",1
"718","SSA06","SS","A",6,741,"POTR","145","15.73","NA","NA",1
"719","SSA07","SS","A",7,742,"POTR","150","18.85","NA","NA",1
"720","SSA08","SS","A",8,743,"POTR","136","15.81","NA","NA",1
"721","SSA09","SS","A",9,744,"POTR","128","14.4","NA","NA",1
"722","SSA10","SS","A",10,745,"POTR","100","14.55","NA","NA",1
"723","SSA11","SS","A",11,746,"POTR","154","NA","NA","NA",0
"724","SSA12","SS","A",12,747,"POTR","189","NA","NA","NA",0
"725","SSA13","SS","A",13,748,"POTR","159","NA","NA","NA",0
"726","SSA14","SS","A",14,749,"POTR","201","NA","NA","NA",0
"727","SSA15","SS","A",15,750,"POTR","190","NA","NA","NA",0
"728","SSA16","SS","A",16,751,"POTR","153","NA","NA","NA",0
"729","SSA17","SS","A",17,752,"POTR","192","NA","NA","NA",0
"730","SSA18","SS","A",18,753,"POTR","240","NA","NA","NA",0
"731","SSA19","SS","A",19,754,"POTR","221","NA","NA","NA",0
"732","SSA20","SS","A",20,755,"POTR","243","NA","NA","NA",0
"733","SSL01","SS","L",1,721,"PIMA","105.0","8.59","1.04","2.1",1
"734","SSL02","SS","L",2,722,"PIMA","80.0","7.39","1.93","3.6",1
"735","SSL03","SS","L",3,723,"PIMA","115.0","8.22","2.69","3.56",1
"736","SSL04","SS","L",4,724,"PIMA","74.0","7.39","3.39","2.84",1
"737","SSL05","SS","L",5,725,"PIMA","84.0","7.71","5.59","2.17",1
"738","SSL06","SS","L",6,726,"PIMA","90.0","8.75","7.21","1.88",1
"739","SSL07","SS","L",7,727,"PIMA","142.0","8.45","9.53","2.82",1
"740","SSL08","SS","L",8,728,"PIMA","49.0","4.92","12.04","0.0",1
"741","SSL09","SS","L",9,729,"PIMA","39.0","4.44","1.46","2.45",1
"742","SSL10","SS","L",10,730,"PIMA","92.0","7.92","12.33","1.58",1
"743","SSL11","SS","L",11,731,"PIMA","118.0","NA","NA","NA",1
"744","SSL12","SS","L",12,732,"PIMA","269.0","NA","NA","NA",1
"745","SSL13","SS","L",13,733,"PIMA","335.0","NA","NA","NA",1
"746","SSL14","SS","L",14,734,"PIMA","218.0","NA","NA","NA",1
"747","SSL15","SS","L",15,735,"PIMA","235.0","NA","NA","NA",1
"748","TTA01","TT","A",1,771,"POTR","72","9.33","NA","NA",1
"749","TTA02","TT","A",2,772,"POTR","131","14.96","NA","NA",1
"750","TTA03","TT","A",3,773,"POTR","110","13.92","NA","NA",1
"751","TTA04","TT","A",4,774,"POTR","109","14.8","NA","NA",1
"752","TTA05","TT","A",5,775,"POTR","93","14.18","NA","NA",1
"753","TTA06","TT","A",6,776,"POTR","136","15.26","NA","NA",1
"754","TTA07","TT","A",7,777,"POTR","133","15.31","NA","NA",1
"755","TTA08","TT","A",8,778,"POTR","138","15.56","NA","NA",1
"756","TTA10","TT","A",10,779,"POTR","43","8.6","NA","NA",1
"757","TTA11","TT","A",11,780,"POTR","146","NA","NA","NA",0
"758","TTA12","TT","A",12,781,"POTR","185","NA","NA","NA",0
"759","TTA13","TT","A",13,782,"POTR","167","NA","NA","NA",0
"760","TTA14","TT","A",14,783,"POTR","203","NA","NA","NA",0
"761","TTA15","TT","A",15,784,"POTR","221","NA","NA","NA",0
"762","TTA16","TT","A",16,785,"POTR","200","NA","NA","NA",0
"763","TTA17","TT","A",17,786,"POTR","200","NA","NA","NA",0
"764","TTA18","TT","A",18,787,"POTR","195","NA","NA","NA",0
"765","TTA19","TT","A",19,788,"POTR","205","NA","NA","NA",0
"766","TTA20","TT","A",20,789,"POTR","198","NA","NA","NA",0
"767","TTL01","TT","L",1,756,"PIMA","49.0","4.34","0.84","2.46",1
"768","TTL02","TT","L",2,757,"PIMA","54.0","5.02","5.95","2.12",1
"769","TTL03","TT","L",3,758,"PIMA","49.0","5.04","6.18","4.89",1
"770","TTL04","TT","L",4,759,"PIMA","47.0","4.54","8.35","4.71",1
"771","TTL05","TT","L",5,760,"PIMA","50.0","4.56","9.14","4.5",1
"772","TTL06","TT","L",6,761,"PIMA","42.0","4.14","12.08","0.99",1
"773","TTL07","TT","L",7,762,"PIMA","58.0","4.78","12.25","1.41",1
"774","TTL08","TT","L",8,763,"PIMA","65.0","5.25","13.73","1.13",1
"775","TTL09","TT","L",9,764,"PIMA","44.0","4.98","14.37","1.31",1
"776","TTL10","TT","L",10,765,"PIMA","29.0","3.52","15.19","3.63",1
"777","TTL11","TT","L",11,766,"PIMA","395.0","NA","NA","NA",1
"778","TTL12","TT","L",12,767,"PIMA","501.0","NA","NA","NA",1
"779","TTL13","TT","L",13,768,"PIMA","432.0","NA","NA","NA",1
"780","TTL14","TT","L",14,769,"PIMA","317.0","NA","NA","NA",1
"781","TTL15","TT","L",15,770,"PIMA","300.0","NA","NA","NA",1
"782","WWA01","WW","A",1,874,"POTR","107","10.5","NA","NA",1
"783","WWA02","WW","A",2,875,"POTR","162","13.3","NA","NA",1
"784","WWA03","WW","A",3,876,"POTR","117","12.2","NA","NA",1
"785","WWA04","WW","A",4,877,"POTR","127","12.59","NA","NA",1
"786","WWA05","WW","A",5,878,"POTR","107","11.81","NA","NA",1
"787","WWA06","WW","A",6,879,"POTR","80","9.57","NA","NA",1
"788","WWA07","WW","A",7,880,"POTR","140","12.55","NA","NA",1
"789","WWA08","WW","A",8,881,"POTR","191","13.94","NA","NA",1
"790","WWA09","WW","A",9,882,"POTR","87","11.34","NA","NA",1
"791","WWA10","WW","A",10,883,"POTR","146","10.81","NA","NA",1
"792","WWA11","WW","A",11,884,"POTR","320","NA","NA","NA",0
"793","WWA12","WW","A",12,885,"POTR","210","NA","NA","NA",0
"794","WWA13","WW","A",13,886,"POTR","226","NA","NA","NA",0
"795","WWA14","WW","A",14,887,"POTR","325","NA","NA","NA",0
"796","WWA15","WW","A",15,888,"POTR","340","NA","NA","NA",0
"797","WWA16","WW","A",16,889,"POTR","190","NA","NA","NA",0
"798","WWA17","WW","A",17,890,"POTR","218","NA","NA","NA",0
"799","WWA18","WW","A",18,891,"POTR","270","NA","NA","NA",0
"800","WWA19","WW","A",19,892,"POTR","250","NA","NA","NA",0
"801","WWA20","WW","A",20,893,"POTR","272","NA","NA","NA",0
"802","WWL01","WW","L",1,859,"PIMA","93.0","6.88","0.99","2.97",1
"803","WWL02","WW","L",2,860,"PIMA","158.0","8.45","1.95","4.41",1
"804","WWL03","WW","L",3,861,"PIMA","42.0","4.27","3.05","5.34",1
"805","WWL04","WW","L",4,862,"PIMA","103.0","8.4","3.74","4.51",1
"806","WWL05","WW","L",5,863,"PIMA","188.0","13.38","4.22","1.42",1
"807","WWL06","WW","L",6,864,"PIMA","81.0","7.03","5.9","3.48",1
"808","WWL07","WW","L",7,865,"PIMA","126.0","10.76","9.64","1.57",1
"809","WWL08","WW","L",8,866,"PIMA","82.0","7.37","8.79","1.23",1
"810","WWL09","WW","L",9,867,"PIMA","65.0","6.31","12.27","0.56",1
"811","WWL10","WW","L",10,868,"PIMA","128.0","12.11","12.55","0.0",1
"812","WWL11","WW","L",11,869,"PIMA","180.0","NA","NA","NA",1
"813","WWL12","WW","L",12,870,"PIMA","196.0","NA","NA","NA",1
"814","WWL13","WW","L",13,871,"PIMA","162.0","NA","NA","NA",1
"815","WWL14","WW","L",14,872,"PIMA","205.0","NA","NA","NA",1
"816","WWL15","WW","L",15,873,"PIMA","255.0","NA","NA","NA",1
"817","XXA01","XX","A",1,909,"POTR","169","17.86","NA","NA",1
"818","XXA02","XX","A",2,910,"POTR","185","17.71","NA","NA",1
"819","XXA03","XX","A",3,911,"POTR","140","16.38","NA","NA",1
"820","XXA04","XX","A",4,912,"POTR","100","12.19","NA","NA",1
"821","XXA06","XX","A",6,913,"POTR","110","13.73","NA","NA",1
"822","XXA07","XX","A",7,914,"POTR","151","18.2","NA","NA",1
"823","XXA08","XX","A",8,915,"POTR","138","18.12","NA","NA",1
"824","XXA09","XX","A",9,916,"POTR","139","18.73","NA","NA",1
"825","XXA10","XX","A",10,917,"POTR","77","10.19","NA","NA",1
"826","XXA11","XX","A",11,918,"POTR","164","NA","NA","NA",0
"827","XXA12","XX","A",12,919,"POTR","210","NA","NA","NA",0
"828","XXA13","XX","A",13,920,"POTR","193","NA","NA","NA",0
"829","XXA14","XX","A",14,921,"POTR","218","NA","NA","NA",0
"830","XXA15","XX","A",15,922,"POTR","219","NA","NA","NA",0
"831","XXA16","XX","A",16,923,"POTR","220","NA","NA","NA",0
"832","XXA17","XX","A",17,924,"POTR","195","NA","NA","NA",0
"833","XXA18","XX","A",18,925,"POTR","200","NA","NA","NA",0
"834","XXA19","XX","A",19,926,"POTR","195","NA","NA","NA",0
"835","XXA20","XX","A",20,927,"POTR","218","NA","NA","NA",0
"836","XXL01","XX","L",1,894,"PIMA","103.0","11.45","0.41","3.41",1
"837","XXL02","XX","L",2,895,"PIMA","77.0","8.84","3.01","3.82",1
"838","XXL03","XX","L",3,896,"PIMA","112.0","10.75","3.64","5.99",1
"839","XXL04","XX","L",4,897,"PIMA","58.0","6.85","5.57","4.43",1
"840","XXL05","XX","L",5,898,"PIMA","58.0","7.35","7.43","4.36",1
"841","XXL06","XX","L",6,899,"PIMA","119.0","11.33","10.98","2.55",1
"842","XXL07","XX","L",7,900,"PIMA","102.0","10.0","10.92","1.51",1
"843","XXL08","XX","L",8,901,"PIMA","92.0","8.91","13.7","5.59",1
"844","XXL09","XX","L",9,902,"PIMA","85.0","7.92","18.65","6.32",1
"845","XXL10","XX","L",10,903,"PIMA","60.0","5.39","18.36","4.1",1
"846","XXL11","XX","L",11,904,"PIMA","180.0","NA","NA","NA",1
"847","XXL12","XX","L",12,905,"PIMA","163.0","NA","NA","NA",1
"848","XXL13","XX","L",13,906,"PIMA","155.0","NA","NA","NA",1
"849","XXL14","XX","L",14,907,"PIMA","175.0","NA","NA","NA",1
"850","XXL15","XX","L",15,908,"PIMA","172.0","NA","NA","NA",1
"851","YYA01","YY","A",1,943,"POTR","90","13.12","NA","NA",1
"852","YYA02","YY","A",2,944,"POTR","102","15.01","NA","NA",1
"853","YYA03","YY","A",3,945,"POTR","144","16.19","NA","NA",1
"854","YYA04","YY","A",4,946,"POTR","119","16.49","NA","NA",1
"855","YYA05","YY","A",5,947,"POTR","107","14.24","NA","NA",1
"856","YYA06","YY","A",6,948,"POTR","143","16.78","NA","NA",1
"857","YYA07","YY","A",7,949,"POTR","114","14.94","NA","NA",1
"858","YYA08","YY","A",8,950,"POTR","94","12.78","NA","NA",1
"859","YYA09","YY","A",9,951,"POTR","162","17.76","NA","NA",1
"860","YYA10","YY","A",10,952,"POTR","135","16.69","NA","NA",1
"861","YYA11","YY","A",11,953,"POTR","175","NA","NA","NA",0
"862","YYA12","YY","A",12,954,"POTR","205","NA","NA","NA",0
"863","YYA13","YY","A",13,955,"POTR","239","NA","NA","NA",0
"864","YYA14","YY","A",14,956,"POTR","230","NA","NA","NA",0
"865","YYA15","YY","A",15,957,"POTR","194","NA","NA","NA",0
"866","YYA16","YY","A",16,958,"POTR","204","NA","NA","NA",0
"867","YYA17","YY","A",17,959,"POTR","208","NA","NA","NA",0
"868","YYA18","YY","A",18,960,"POTR","190","NA","NA","NA",0
"869","YYA19","YY","A",19,961,"POTR","183","NA","NA","NA",0
"870","YYA20","YY","A",20,962,"POTR","208","NA","NA","NA",0
"871","YYL01","YY","L",1,928,"PIMA","84.0","8.68","0.63","3.58",1
"872","YYL02","YY","L",2,929,"PIMA","97.0","11.19","3.64","3.15",1
"873","YYL03","YY","L",3,930,"PIMA","79.0","8.57","3.17","2.31",1
"874","YYL04","YY","L",4,931,"PIMA","100.0","9.32","5.05","1.65",1
"875","YYL05","YY","L",5,932,"PIMA","35.0","5.4","7.02","1.2",1
"876","YYL06","YY","L",6,933,"PIMA","80.0","9.59","8.34","0.2",1
"877","YYL07","YY","L",7,934,"PIMA","59.0","8.63","7.64","2.38",1
"878","YYL08","YY","L",8,935,"PIMA","121.0","11.0","10.42","1.62",1
"879","YYL09","YY","L",9,936,"PIMA","104.0","12.74","9.91","0.25",1
"880","YYL10","YY","L",10,937,"PIMA","62.0","7.92","14.72","2.51",1
"881","YYL11","YY","L",11,938,"PIMA","173.0","NA","NA","NA",1
"882","YYL12","YY","L",12,939,"PIMA","203.0","NA","NA","NA",1
"883","YYL13","YY","L",13,940,"PIMA","170.0","NA","NA","NA",1
"884","YYL14","YY","L",14,941,"PIMA","221.0","NA","NA","NA",1
"885","YYL15","YY","L",15,942,"PIMA","178.0","NA","NA","NA",1
"886","ZZA01","ZZ","A",1,978,"POTR","112","16.29","NA","NA",1
"887","ZZA02","ZZ","A",2,979,"POTR","154","19.1","NA","NA",1
"888","ZZA03","ZZ","A",3,980,"POTR","143","18.31","NA","NA",1
"889","ZZA04","ZZ","A",4,981,"POTR","117","15.94","NA","NA",1
"890","ZZA05","ZZ","A",5,982,"POTR","172","18.5","NA","NA",1
"891","ZZA06","ZZ","A",6,983,"POTR","128","16.09","NA","NA",1
"892","ZZA07","ZZ","A",7,984,"POTR","115","15.35","NA","NA",1
"893","ZZA08","ZZ","A",8,985,"POTR","114","14.16","NA","NA",1
"894","ZZA09","ZZ","A",9,986,"POTR","143","19.61","NA","NA",1
"895","ZZA10","ZZ","A",10,987,"POTR","141","16.86","NA","NA",1
"896","ZZA11","ZZ","A",11,988,"POTR","216","NA","NA","NA",0
"897","ZZA12","ZZ","A",12,989,"POTR","193","NA","NA","NA",0
"898","ZZA13","ZZ","A",13,990,"POTR","196","NA","NA","NA",0
"899","ZZA14","ZZ","A",14,991,"POTR","192","NA","NA","NA",0
"900","ZZA15","ZZ","A",15,992,"POTR","264","NA","NA","NA",0
"901","ZZA16","ZZ","A",16,993,"POTR","390","NA","NA","NA",0
"902","ZZA18","ZZ","A",18,994,"POTR","213","NA","NA","NA",0
"903","ZZA19","ZZ","A",19,995,"POTR","252","NA","NA","NA",0
"904","ZZA20","ZZ","A",20,996,"POTR","218","NA","NA","NA",0
"905","ZZL01","ZZ","L",1,963,"PIMA","154.0","15.1","0.89","1.08",1
"906","ZZL02","ZZ","L",2,964,"PIMA","168.0","12.58","0.89","4.24",1
"907","ZZL03","ZZ","L",3,965,"PIMA","88.0","10.15","4.61","3.21",1
"908","ZZL04","ZZ","L",4,966,"PIMA","54.0","6.51","5.27","0.5",1
"909","ZZL05","ZZ","L",5,967,"PIMA","71.0","8.24","9.57","1.6",1
"910","ZZL06","ZZ","L",6,968,"PIMA","158.0","13.87","11.57","2.87",1
"911","ZZL07","ZZ","L",7,969,"PIMA","181.0","15.6","14.46","2.93",1
"912","ZZL08","ZZ","L",8,970,"PIMA","96.0","10.41","17.05","2.41",1
"913","ZZL09","ZZ","L",9,971,"PIMA","148.0","15.51","18.26","1.95",1
"914","ZZL10","ZZ","L",10,972,"PIMA","113.0","9.12","20.33","1.67",1
"915","ZZL11","ZZ","L",11,973,"PIMA","204.0","NA","NA","NA",1
"916","ZZL12","ZZ","L",12,974,"PIMA","194.0","NA","NA","NA",1
"917","ZZL13","ZZ","L",13,975,"PIMA","200.0","NA","NA","NA",1
"918","ZZL14","ZZ","L",14,976,"PIMA","238.0","NA","NA","NA",1
"919","ZZL15","ZZ","L",15,977,"PIMA","178.0","NA","NA","NA",1
